Unique ID,Product Name,Model,Company,search,amazon_link
1,Jabra Enhance,Enhance Select 200 Premium,GN Resound,Jabra EnhanceEnhance Select 200 Premium,n/a
2,Jabra Enhance,Enhance Select 200 Basic,GN Resound,Jabra EnhanceEnhance Select 200 Basic,n/a
3,Jabra Enhance,Enhance Select 100 Premium,GN Resound,Jabra EnhanceEnhance Select 100 Premium,n/a
4,Jabra Enhance,Enhance Select 100 Basic,GN Resound,Jabra EnhanceEnhance Select 100 Basic,n/a
5,Jabra Enhance,Enhance Select 50 Premium,GN Resound,Jabra EnhanceEnhance Select 50 Premium,n/a
6,Jabra Enhance,Enhance Select 50 Basic,GN Resound,Jabra EnhanceEnhance Select 50 Basic,n/a
182,Jabra Enhance,Enhance Select 500 Premium,GN Resound,Jabra EnhanceEnhance Select 500 Premium,n/a
183,Jabra Enhance,Enhance Select 500 Basic,GN Resound,Jabra EnhanceEnhance Select 500 Basic,n/a
184,Jabra Enhance,Enhance Select 300 Premium,GN Resound,Jabra EnhanceEnhance Select 300 Premium,n/a
185,Jabra Enhance,Enhance Select 300 Basic,GN Resound,Jabra EnhanceEnhance Select 300 Basic,n/a
7,Eargo,Eargo 5,Eargo 5,EargoEargo 5,n/a
8,Eargo,Eargo 6,Eargo 6,EargoEargo 6,https://www.amazon.com/EARGO-Hearing-Aids-Adults-Rechargeable/dp/B09NWCSS86/ref=sr_1_3?crid=2BYS6L6MUXD9E&dib=eyJ2IjoiMSJ9.97zAj3njr0szVavz8ZtBMro9lLRtBRtSUYiYQYBFP7rGjHj071QN20LucGBJIEps.cJnBb4WA30KdDKHDt26VhssSrvoUiI2KtarqecgjjxQ&dib_tag=se&keywords=eargo+ergo+5&qid=1719607779&sprefix=eargoeargo+5%2Caps%2C98&sr=8-3
9,Eargo,Eargo 7,Eargo 7,EargoEargo 7,https://www.amazon.com/EARGO-Self-Fitting-FDA-Cleared-Hearing-Aids/dp/B0BSHCNP5W/ref=sr_1_2?crid=2BYS6L6MUXD9E&dib=eyJ2IjoiMSJ9.97zAj3njr0szVavz8ZtBMro9lLRtBRtSUYiYQYBFP7rGjHj071QN20LucGBJIEps.cJnBb4WA30KdDKHDt26VhssSrvoUiI2KtarqecgjjxQ&dib_tag=se&keywords=eargo+ergo+5&qid=1719607779&sprefix=eargoeargo+5%2Caps%2C98&sr=8-2
10,Lexie,Lexie Lumen,hearX Group,LexieLexie Lumen,n/a
11,Lexie,Lexie B1 ,hearX Group,LexieLexie B1 ,https://www.amazon.com/Lexie-Hearing-Aids-Powered-Bluetooth-enabled/dp/B0BHHJWPH7/ref=sr_1_5?crid=L3NU3G2ASQBH&dib=eyJ2IjoiMSJ9.jftbi8RA33DbqhP3FNvlTvkN3ivXN7yhg0KL__O0mOS1dHU06wVLqC2sT4gZ-sjf5sP2nCfoMYF9AAUsXFkoXy5m9KtwaLSAEEXi8kCbrETakDZTiBqX2SCsmrSPOioiN2xB7kWkwg5Nvo3zk2-NlL9d_lNr7IY8OrbcnBbKPeniZ-72RZXu3exJlEcbcPt1Ai7dpGm-InZN0RxkBDwJtfFWX4y9BvgAEHluAp8vP5GkmViHFElwUKXSY_7g33aqof9w1Ul2HVFkwQ8oHVW1xh1mo89HVRVkVivooPSVP9k.KCqHL0mmqeDH7RczxC10p53HxRpdKEocNaIzJchCa5k&dib_tag=se&keywords=LexieLexie+B1+hearing+aid&qid=1719607863&sprefix=lexielexie+b1+hearing+aid%2Caps%2C49&sr=8-5
12,Lexie,Lexie B2,hearX Group,LexieLexie B2,https://www.amazon.com/Lexie-Rechargeable-Self-fitting-Invisible-Reduction/dp/B0BJ5VBY94/ref=sr_1_6?crid=L3NU3G2ASQBH&dib=eyJ2IjoiMSJ9.jftbi8RA33DbqhP3FNvlTvkN3ivXN7yhg0KL__O0mOS1dHU06wVLqC2sT4gZ-sjf5sP2nCfoMYF9AAUsXFkoXy5m9KtwaLSAEEXi8kCbrETakDZTiBqX2SCsmrSPOioiN2xB7kWkwg5Nvo3zk2-NlL9d_lNr7IY8OrbcnBbKPeniZ-72RZXu3exJlEcbcPt1Ai7dpGm-InZN0RxkBDwJtfFWX4y9BvgAEHluAp8vP5GkmViHFElwUKXSY_7g33aqof9w1Ul2HVFkwQ8oHVW1xh1mo89HVRVkVivooPSVP9k.KCqHL0mmqeDH7RczxC10p53HxRpdKEocNaIzJchCa5k&dib_tag=se&keywords=LexieLexie+B1+hearing+aid&qid=1719607863&sprefix=lexielexie+b1+hearing+aid%2Caps%2C49&sr=8-6
13,IQbuds2 MAX,IQbuds2 MAX,Nuheara Limited,IQbuds2 MAXIQbuds2 MAX,https://www.amazon.com/Nuheara-Bluetooth-Rechargeable-Personalization-Cancellation/dp/B09J2PVRKC/ref=sr_1_fkmr0_1?crid=1LL0Z03IE0EXE&dib=eyJ2IjoiMSJ9.FokKKbdKW5lmuEYZ-wuGcoT1gkSzfHxpuBOoT5_FJ_Ik2UV8QtIL0FVLpA9MhqSVbHsLQQ6NrO8ZOQ7hAH-Dl_KxC7qM26LOlb83xco2nasDsKcQDTeCSvbuFMWpkLsG.dqFb-820kgADsvGFqT7vnVAzJLqkj09ceJK2-lL1ubY&dib_tag=se&keywords=IQbuds2+MAXIQbuds2+MAX&qid=1719607891&sprefix=iqbuds2+maxiqbuds2+max%2Caps%2C64&sr=8-1-fkmr0
14,HP Hearing Pro,HP Hearing Pro,Nuheara Limited ,HP Hearing ProHP Hearing Pro,n/a
15,Air,Air 3,MD Hearing,AirAir 3,https://www.amazon.com/MDHearingAid-Rechargeable-Crystal-clear-MDHearing-Invisible/dp/B0BXBMMSKY/ref=sr_1_6?crid=3S4KQYA1AXNRA&dib=eyJ2IjoiMSJ9.hUwhFth6vYYC9ZjeZd5_P94FXXxysZCgYqkCOIhLZzhjJllSSbFynrNfSSnvdttz7_ykRn38Q0UXT4_IqSRv-O16fqMBPTmW_Vw-Lv1FfHNjl5em2LLCvdv9EA7x_mTD0jzY2PQEWEq4tO1E5irgy0DLdK2zjst-2gTW24voUCMBek4pJPGRg6Zi6WgWXHrAcs9jxMVuu-LamI9MfZ0AJmBkq4fp7AgeyigAbm_4hb7N8CB34GJk-ULaLm_7GEZDcOG8tTXRLJ7U_015PiGvOJ43Vgiy0P0OT9MO_MZpX1I.OJbwHNKL58KQYq5QnBTNmyjrkTRnGr0M3NdceqTFjO8&dib_tag=se&keywords=md%2Bhearing%2Bneo&qid=1719607989&sprefix=md%2Bhearing%2Bneo%2B%2Caps%2C83&sr=8-6&th=1
16,Neo,Neo,MD Hearing,NeoNeo,https://www.amazon.com/MDHearingAid-Rechargeable-Virtually-Invisible-Crystal-Clear/dp/B0BTTVD8QM/ref=sr_1_1_sspa?crid=2HTEAT2RD0J0A&dib=eyJ2IjoiMSJ9.hUwhFth6vYYC9ZjeZd5_P94FXXxysZCgYqkCOIhLZzj6dPgeyj7yYv8DC2NXERNO5Ib5T-gLsqGwLRpQniYb7SUMDGsyAvdW2sT1erS9Z1AYV4D4HpLFjHMHDfwcqsvmyFETifYSXPazGqdm6t9aNSSn6u5NfSBwgWu-kryaeQ39OpTed6Wre0_Tht7nfbPbAMiAX2bLWv0o84Jh8XILdNlgUJ-FOhRAWKR_rqPVKeH7a7CUt3DHmjD3ux2xIBiFFX-pA4oGNotBAcjpzmC5P9MgM6m2dQzoN4Nc3rLYdZ4.RGpUqCBz7S2rBPB4jEjdaSNXMomPZwkCEGCoN_9mTzU&dib_tag=se&keywords=neo+md+hearing+aid&qid=1719714628&sprefix=neo+md+hearing+aid%2Caps%2C134&sr=8-1-spons&sp_csd=d2lkZ2V0TmFtZT1zcF9hdGY&psc=1
159,Neo ,Neo XS,MD Hearing,Neo Neo XS,https://www.amazon.com/MDHearing-Completely-Rechargeable-Virtually-Crystal-Clear/dp/B0CPJS2GDG/ref=sr_1_2_sspa?crid=2HTEAT2RD0J0A&dib=eyJ2IjoiMSJ9.hUwhFth6vYYC9ZjeZd5_P94FXXxysZCgYqkCOIhLZzj6dPgeyj7yYv8DC2NXERNO5Ib5T-gLsqGwLRpQniYb7SUMDGsyAvdW2sT1erS9Z1AYV4D4HpLFjHMHDfwcqsvmyFETifYSXPazGqdm6t9aNSSn6u5NfSBwgWu-kryaeQ39OpTed6Wre0_Tht7nfbPbAMiAX2bLWv0o84Jh8XILdNlgUJ-FOhRAWKR_rqPVKeH7a7CUt3DHmjD3ux2xIBiFFX-pA4oGNotBAcjpzmC5P9MgM6m2dQzoN4Nc3rLYdZ4.RGpUqCBz7S2rBPB4jEjdaSNXMomPZwkCEGCoN_9mTzU&dib_tag=se&keywords=neo+md+hearing+aid&qid=1719714628&sprefix=neo+md+hearing+aid%2Caps%2C134&sr=8-2-spons&sp_csd=d2lkZ2V0TmFtZT1zcF9hdGY&psc=1
17,Volt,Volt,MD Hearing,VoltVolt,https://www.amazon.com/MDHearingAid-Doctor-Designed-Rechargeable-Directional-Microphones/dp/B0BXBDWT7P/ref=sr_1_5?crid=3QR4UVSIL2RXL&dib=eyJ2IjoiMSJ9.fV3TsruvBTBmqoemH3ySy2E2Dr4Ac7P8OEDnBV6dGkzKnTBpfyw1IYEJ629654PJThO6mfkKLL5yvNqJjQB9WY7BE7PC2h-qd_vdRA8ZucRk8vqMVXN9TToOKy21vF75ZTkjM-77pB5gFRTddEe9pQBie63QD6Keb2VnnUacSEFix0jsVBS6usZUZ39HpRUVfk86Sh6STwAq-h_N4DB8WQVoW_c4p-pbHGByela1uFLBnr5RkaVOalXbGcSVrqaDx39KjByldZLjCvXcJynFVhQUT0dQheNaLq9jyXpC1e8.yAaxnHsdErRXpJWxmknvpwS0VCZnI-4w7h5iZsxmNj0&dib_tag=se&keywords=volt+hearing+aid&qid=1719608061&sprefix=volt+hearing+ai%2Caps%2C81&sr=8-5
18,Volt,Volt Max,MD Hearing,VoltVolt Max,n/a
19,C10,CRE-C10,Sony,C10CRE-C10,https://www.amazon.com/Sony-CRE-C10-Self-Fitting-Hearing-Moderate/dp/B0BXYZVT1T/ref=sr_1_1_sspa?crid=23CX7HODB4B5I&dib=eyJ2IjoiMSJ9.ajYJwbzooNAB0SKaq_2MOmpPuj9CO3gwix5UYwQhFK2ESbJ5EBttXnn63JkvFswtDnlgqEo-3Bsm6f2y6pxRnq3ZzvJH_sQcGSSATTEDDShDTqRrZP0aAcx6cBC2ul0YqoI8a6nph1JIgAp16kma4BqdlhSEvtF5RfbAkr0uK_SxT1oaE5GGD8I6jOBtCm4mBJUGdGnHjQcXLk1Hksv1lN0sdh_TEgCNzeSEDPm8K8G1BE17p8T7XjJZOlCkuT0CM4pSJIZWZ1OP4-DwklEAx0-dc0JYJhnOxySFeSvDcL4.l3V0xsvf3AxdzvQJSnMfr6tQpup4RRDMqJOBD3iKtPI&dib_tag=se&keywords=C10CRE-C10+hearing+aid&qid=1719608103&sprefix=c10cre-c10+hearing+aid%2Caps%2C59&sr=8-1-spons&sp_csd=d2lkZ2V0TmFtZT1zcF9hdGY&psc=1
20,E10,CRE-E10,Sony,E10CRE-E10,https://www.amazon.com/Sony-CRE-E10-Self-Fitting-Moderate-Rechargeable/dp/B0BXZ4QRC7/ref=sr_1_8?crid=3002FOACMJJQ7&dib=eyJ2IjoiMSJ9.xUCEIJQzf9OmH4-9VX1jIE4Izy_JWx2B6LA_4MjFZNqkDHC3YnGZ-4suyn3kmkYF3yozqVUMdO9VcSAO-AeGTVCr7y2SEDEelZ7T53cUuTNeg1PHPtjpgBLLE7cclyQZoPMJZgzpnZaEliXoc2hZH9I0CnWVxcI_M6hOQa8JSuIzDkO_rHFOitkkqULukpgTkEnVLiu4JN79Pb3_YT-nxjZVHbjzIUwuymMbuD051ZdRjuIONgQeFB_93XyUaLAI5i7kMvPaI5nvNqOHRVeLHnnzgRe9EqgOUdYStq0DLD0.7WV5RR-AhTDfvZtHBHqJlbEfrEmuWb382fog-wMnyw4&dib_tag=se&keywords=E10CRE-E10+hearing+aid&qid=1719608124&sprefix=e10cre-e10+hearing+aid%2Caps%2C53&sr=8-8
21,Engage Rechargeable,Engage Rechargeable,Lucid Hearing,Engage RechargeableEngage Rechargeable,https://www.amazon.com/Engage-Rechargeable-Accessories-Compatible-Splashproof/dp/B08TX6D8X6/ref=sr_1_2_sspa?crid=9ZJT8CJQZWHH&dib=eyJ2IjoiMSJ9.5dtywxWeTeTr1p1scCl5XbJOI4RgXhi1JMDivMJT2WcpPJ_1zP_KwhIb3fMCg7RFAnDERybiXIJsX36i6psnWrAiO42dKBXGkgH07m2h2_8bkAzwcSyUj3HsMetiF4CvgeBr4zwdcLuhJ23U6eHr7JR6pexvvQP6W9VmeutUxFPrMt1j1LQXuHB5d8WLKjHik1H9bbhWY9BNpKHgOVPwh0XM3JxB5_aw6AH1SfpX4uXG-Lf23KBhx0zbkpW0m5sA4wQN7fYy_wWAjyf-KU6gxbvl1D6XdAa4476txZl1G7M.7g1Clso5A1WyUAIhF49rSBYVOeuYZpDfz2UrhTPImZY&dib_tag=se&keywords=Engage+RechargeableEngage+Rechargeable+hearing+aid&qid=1719608152&sprefix=engage+rechargeableengage+rechargeable+hearing+aid%2Caps%2C56&sr=8-2-spons&sp_csd=d2lkZ2V0TmFtZT1zcF9hdGY&psc=1
22,fio,fio,Lucid Hearing,fiofio,
23,Engage,Engage,Lucid Hearing,EngageEngage,https://www.amazon.com/Engage-Rechargeable-Accessories-Compatible-Splashproof/dp/B08TX4Z3HH/ref=sr_1_6?crid=2MUQSLKHFTZJJ&dib=eyJ2IjoiMSJ9.3XSNOKildLYeYSoK972AWP6VSQlVLTKoiULQ5UEGhupbtkQVN1NjLe5gAnPcYRcrUksJ_pUA56UxOzXdeSCRQ4kW8xXVPrxgVIbQFEyG2XdqCuEDgJcTdfmb4gF0Bkf41x0sTT6Y9NJ3iKQX_QVizztbO8niSm6QbCm1VDeeffJx5og3dTAZ6jWCBE2TS_UMDHZApvn0aFwBTsmk9w_Q305v4_PaCIOGPpMnWHGgiP9MQBH1Lwo_8z_zN7t7gKhdTm5H7szqPdRc_FKpVJk4gG_6cnqCuhAiHkQp3jrOFZs.KY0_SFqOApeVF7BUU518D0477uCMmfIlFmaHj6W1gZA&dib_tag=se&keywords=lucid+fio+hearing+aid&qid=1719608177&sprefix=lucid+hearing+fio+%2Caps%2C85&sr=8-6
24,Enrich ,Enrich,Lucid Hearing,Enrich Enrich,https://www.amazon.com/Lucid-Hearing-Enrich-Aids-Pair/dp/B0BK297W6F/ref=sr_1_2?crid=2BSPROFCQQRNJ&dib=eyJ2IjoiMSJ9.zdUeseuzh60K-IXd0giOQT1f70PsNh7UfeYqGn4iFQtoW6FMFaUwLwJ8O-xtqujO9Z3tUoR8b9ognUgk4_yGluSvRlt-0hOnedr9H1Hmp8a5U5sg2rVP0skDuKqAzTUrZ2QqPnuPIyUJl3EBluYqfbdN03VKYdxtl-9TnMnlxyTr6pZOqjmhm1ytCANk9gJgq-eoV3OKHFU4ofeCrXv29N7KhSZbcEuzlV2yZyg9Pyyz5oAo_id7EooiiNPp9FDdKWcxKiaFUQ55ErYgg7QG_PnyfM1uic4mN2NUpCNGZKc.dfc57QQi02SziEt7l_HmX_iuKVNU92EUeoAZpKnYPDw&dib_tag=se&keywords=lucid+enrich&qid=1719618362&sprefix=lucid+enrich%2Caps%2C103&sr=8-2
25,Enrich Pro BTE,Enrich Pro BTE,Lucid Hearing,Enrich Pro BTEEnrich Pro BTE,https://www.amazon.com/Lucid-Hearing-Enrich-Aids-Behind/dp/B0BK2DXCZ1/ref=sr_1_8?crid=2MUQSLKHFTZJJ&dib=eyJ2IjoiMSJ9.3XSNOKildLYeYSoK972AWP6VSQlVLTKoiULQ5UEGhupbtkQVN1NjLe5gAnPcYRcrUksJ_pUA56UxOzXdeSCRQ4kW8xXVPrxgVIbQFEyG2XdqCuEDgJcTdfmb4gF0Bkf41x0sTT6Y9NJ3iKQX_QVizztbO8niSm6QbCm1VDeeffJx5og3dTAZ6jWCBE2TS_UMDHZApvn0aFwBTsmk9w_Q305v4_PaCIOGPpMnWHGgiP9MQBH1Lwo_8z_zN7t7gKhdTm5H7szqPdRc_FKpVJk4gG_6cnqCuhAiHkQp3jrOFZs.KY0_SFqOApeVF7BUU518D0477uCMmfIlFmaHj6W1gZA&dib_tag=se&keywords=lucid+fio+hearing+aid&qid=1719608177&sprefix=lucid+hearing+fio+%2Caps%2C85&sr=8-8
26,Tala,Tala,Lucid Hearing,TalaTala,https://www.amazon.com/Lucid-Hearing-Tala-Premium-Rechargeable/dp/B0CKJ712DR/ref=sr_1_5?crid=2L3CX8LZ95YGT&dib=eyJ2IjoiMSJ9.f7wc-8En6YIMMB5hVlvwvrlWeqiCv5uyCeHtdlIg7myB6QtMAw1xhpX-2IAxuGY9mCE7RgXC7vBo6CarWUn_1sVvR2PFkqlA10Sc0AElHI1LhWY34TvbfOHtaWLFwjrvrlRGKmhIqHoKnT2req4eNA.ZgRLWXVQHStodWJbB_jieeN16wnEfCzYwzGiDkg-zbo&dib_tag=se&keywords=lucid+tala+hearing&qid=1719618386&sprefix=lucid+tala+hearing%2Caps%2C85&sr=8-5
27,Enlite,Enlite,Lucid Hearing,EnliteEnlite,
28,HearGear,HearGear,Lucid,HearGearHearGear,n/a
29,Atom Series,Atom,Audien Hearing,Atom SeriesAtom,https://www.amazon.com/Audien-Rechargeable-Hearing-Amplifier-Invisible/dp/B09MBG14TH/ref=sr_1_1_sspa?crid=1SUL58K2F60N&dib=eyJ2IjoiMSJ9.1l4jg6VzaY_-wVJKm5_ycOKZ5YaPN14Bv4vq6vmtZBz2rcb8rGC6Y989JC5oHfT5FmyZaep4pXvgDqKowWatZA.LqByPY27NmfGhAoBg9jAEjXNgfnruVVriw0xCT3ikUY&dib_tag=se&keywords=audien+Atom+SeriesAtom&qid=1719618467&sprefix=audien+atom+seriesatom%2Caps%2C79&sr=8-1-spons&sp_csd=d2lkZ2V0TmFtZT1zcF9hdGY&psc=1
30,Atom Series,Atom Pro,Audien Hearing,Atom SeriesAtom Pro,https://www.amazon.com/Audien-Wireless-Rechargeable-Hearing-Invisible/dp/B0CJQ95BHX/ref=sr_1_2_sspa?crid=1SUL58K2F60N&dib=eyJ2IjoiMSJ9.1l4jg6VzaY_-wVJKm5_ycOKZ5YaPN14Bv4vq6vmtZBz2rcb8rGC6Y989JC5oHfT5FmyZaep4pXvgDqKowWatZA.LqByPY27NmfGhAoBg9jAEjXNgfnruVVriw0xCT3ikUY&dib_tag=se&keywords=audien+Atom+SeriesAtom&qid=1719618467&sprefix=audien+atom+seriesatom%2Caps%2C79&sr=8-2-spons&sp_csd=d2lkZ2V0TmFtZT1zcF9hdGY&psc=1
31,EV,EV1,Audien Hearing,EVEV1,n/a
32,EV,EV3,Audien Hearing,EVEV3,n/a
33,BTE Series,Audien BTE,Audien Hearing,BTE SeriesAudien BTE,https://www.amazon.com/Audien-Rechargeable-Hearing-Premium-Incredible/dp/B0C1KVRHDJ/ref=sr_1_1?crid=1KN11N9ESUGIC&dib=eyJ2IjoiMSJ9.DkjCQpLqS3-yENY-rrUXrNLd2PpHr7dbj10NMXxsSFbXOaYrcJPpIqUo7bha7AwngTzLpubc2s5YWw4MrNegGARTRZu6WjdOzqkQcplaacxbT8eRKSmIjtkkwRDELMmfArE9v_omSvPn0ETF4GjQ11LKkEZdF9nErM48I5VVSbRd-iv8LtqXJ_gT5X5A-stuFYdiH3ToLiDDqUu_OoKuVB-c3fQuxQTVTdSn4nByQnmzuXoOaYeVAkfaKQfEHmI9IP-YPOvhtZ3Vf3QDKUco7_ObJchKcD-4kdi2ijYMwrU.f6RQTy24aNzwMkMtadG4DF_Q5uUiEXzflavdRwYGvYA&dib_tag=se&keywords=bte+series+audien+bte&qid=1719618567&sprefix=bte+seriesaudien+bte%2Caps%2C96&sr=8-1
34, RSH05BG, RSH05BG,RCA Hearing Aids, RSH05BG RSH05BG,
35,RSH052, RSH052,RCA Hearing Aids,RSH052 RSH052,
36,Rechargeable Digital Hearing Aids , RSH20,RCA Hearing Aids,Rechargeable Digital Hearing Aids  RSH20,
37,RCA Hearing Aid Behind-the-Ear Micro Design with Charging Case,RSH062,RCA Hearing Aids,RCA Hearing Aid Behind-the-Ear Micro Design with Charging CaseRSH062,
38,RCA Hearing Aid In-Ear Canal Design with Charging Case,RSH30,RCA Hearing Aids,RCA Hearing Aid In-Ear Canal Design with Charging CaseRSH30,
39,RCA Behind-the-Ear Hearing Aids with Table-Top Charging Stand,RSH053,RCA Hearing Aids,RCA Behind-the-Ear Hearing Aids with Table-Top Charging StandRSH053,https://www.amazon.com/RCA-Rechargeable-Completely-Advanced-Amplification/dp/B0CG2PNX67/ref=sr_1_2?crid=9O2HUYDFYQCH&dib=eyJ2IjoiMSJ9.ooAP0qqBp9CQ9bScvWfCwMEAOGIJ74sIKsarjzs8aD03_EjY7SuIunXd6DEl6dyOvVSUG-WeHZB6imHUcNIdVQi6-GswdNe-VGJtD3hqAR0TnKpDkhUn4UtEDbGhqDxHx4QWkM70bIRGE8bTmfiAn-SvYO-g8sz7upNs25MTxUpC1Esmc2AZ5YdC19KbTtlJzjAGHOwCqYf6QKWGZr-DKkXYle3NE-2Em8qCjXuXxhz_LA7joCrtuIxPSpgRhUKxB-mwBUIolHkWbquLgUIlPoWz3GAmCOE7bsLtC3bh6is.Et9jICuJlh4mdJcYjsaTQT5cTYZHw1jafxhMT1yX2pg&dib_tag=se&keywords=RSH05BG+rca+hearing+aids&qid=1719618600&sprefix=rsh05bg+rca+hearing+aid%2Caps%2C57&sr=8-2
40,Stealth,Stealth Pro,Auditech Hearing Aids,StealthStealth Pro,n/a
41,Stealth,CIC Stealth,Auditech Hearing Aids,StealthCIC Stealth,n/a
42,Lightning RX,Lightning RX,Auditech Hearing Aids,Lightning RXLightning RX,n/a
43,BHA 100 Series,Braun Clear BHA 100,"Kaz, USA, Inc.",BHA 100 SeriesBraun Clear BHA 100,n/a
44,Olive SmartEar Plus,Olive SmartEar Plus,Olive Union,Olive SmartEar PlusOlive SmartEar Plus,
45,Olive Max,Olive Max,Olive Union,Olive MaxOlive Max,https://www.amazon.com/Olive-Max-Sport-Rechargeable-Lifestyles/dp/B0CZ631NLZ/ref=sr_1_5?crid=Q1FX2IOL1QIF&dib=eyJ2IjoiMSJ9.eQ7cY0GmVw-C8JgJde8xVbn2Dm1dIb-HdoVvIjOEM1KEsrUugmBvhZ1UQ4vp5_HD6Qz3DRwM_G6INCyvt4Av2bYYYM4xTIVkFi7sdi-S0dafob60TEOZkhe8Kl4O1UlAJ0Etw4xI2W8n_dQ9wA7roU0oDNFDq7CP6lFDIc7Qm5iI8IKcxkhhn_T9Cxiw6qX4mjuH0vBPSyyMuEN8-eLRRukgjjOx-WnribRdIPzN6thFpCtTklbGyV6qm1gmDtN1yFON_v3wevmnaXzc3pevNDXcCLcDYJSHM-QqsD__830.fbHNXXKIFykFH0ag8t3emGdIa41lLn0sRc3-l0etbQw&dib_tag=se&keywords=olive%2Bmax%2Bhearing%2Baid&qid=1719619083&sprefix=olive%2Bmax%2Bhearing%2Baid%2Caps%2C84&sr=8-5&th=1
46,Stream,Stream,Hearing Assist,StreamStream,n/a
47,EAZE 2.0,EAZE 2.0,Hearing Assist,EAZE 2.0EAZE 2.0,n/a
48,Control 2.0,Control 2.0,Hearing Assist,Control 2.0Control 2.0,n/a
49,Micro,Micro,Hearing Assist,MicroMicro,n/a
50,Connect,Connect,Hearing Assist,ConnectConnect,n/a
51,HA 302,HA 302,Hearing Assist,HA 302HA 302,n/a
52,HA802,HA802,Hearing Assist,HA802HA802,n/a
53,HA 900,HA 900,Hearing Assist,HA 900HA 900,n/a
54,Treo,Treo,iHear,TreoTreo,https://www.amazon.com/iHEAR-Hearing-Amplifier-Invisible-Suppresses/dp/B07F74CXXT/ref=sr_1_5?crid=1UBTL2EG4WHBA&dib=eyJ2IjoiMSJ9.ld7JSTafheyeWijJrf50Wnxet_PC7xxZddZ8jydBd0p6LBChMiLjU9UEM3DvoTwbHteTW5qPrmJNbyE_kdSG_pmVyAlBtFn-xSv9ysQUu5ylX-dBSiFJjNnfg8xSJMggzGwLNx05o8hASsJKxo_oPBBtTJeE5rz4l_VUtOtjcxcZ-by7MlI3W7o9SUKrpxbjarAHxcRR_F8znPZUNmSS8ukgjjOx-WnribRdIPzN6thLAZNLwZuW22Km7BfpCeqNtDOr82oAcetLm9k4fB9mUZvMsotRFxsKghEERMOVWa8.2g0hJL2noXw_O-AX1YunQpfPl6Zo0g8Kteau21U0ROs&dib_tag=se&keywords=ihear+treo+hearing+aid&qid=1719619240&sprefix=ihear+treo+hearing+aid%2Caps%2C73&sr=8-5
55,Matrix,Matrix,iHear,MatrixMatrix,n/a
56,Axis,Axis,iHear,AxisAxis,n/a
57,Linx,Linx,iHear,LinxLinx,n/a
58,Xplore,Xplore,iHear,XploreXplore,n/a
59,Aura,Aura,Audicus,AuraAura,n/a
60,Wave,Wave,Audicus,WaveWave,n/a
61,Wave,Wave,Audicus,WaveWave,n/a
62,Spirit 1,Spirit 1,Audicus,Spirit 1Spirit 1,n/a
63,Spirit 1,Spirit 1,Audicus,Spirit 1Spirit 1,n/a
64,Spirit 2,Spirit 2,Audicus,Spirit 2Spirit 2,n/a
65,Spirit 2,Spirit 2,Audicus,Spirit 2Spirit 2,n/a
66,Omni 1,Omni 1,Audicus,Omni 1Omni 1,n/a
67,Omni 1,Omni 1,Audicus,Omni 1Omni 1,n/a
68,Omni 2,Omni 2,Audicus,Omni 2Omni 2,n/a
69,Omni 2,Omni 2,Audicus,Omni 2Omni 2,n/a
70,Mini,Mini,Audicus,MiniMini,n/a
71,Oricle,Oricle,Oricle,OricleOricle,n/a
72,Primo,Primo R401,NewSound,PrimoPrimo R401,n/a
73,TWS Hearing Aids,PocoXA601,NewSound,TWS Hearing AidsPocoXA601,n/a
74,TWS Hearing Aids,PocoX808,NewSound,TWS Hearing AidsPocoX808,n/a
75,TWS Hearing Aids,PocoX403,NewSound,TWS Hearing AidsPocoX403,n/a
76,APP Control Hearing Aids,Poco ZA401,NewSound,APP Control Hearing AidsPoco ZA401,n/a
77,APP Control Hearing Aids,Forte MA201,NewSound,APP Control Hearing AidsForte MA201,n/a
78,BTE Hearing Aids,108,NewSound,BTE Hearing Aids108,n/a
79,BTE Hearing Aids,107,NewSound,BTE Hearing Aids107,n/a
80,BTE Hearing Aids,Primo DA801,NewSound,BTE Hearing AidsPrimo DA801,n/a
81,BTE Hearing Aids,Primo S201,NewSound,BTE Hearing AidsPrimo S201,n/a
82,ITE Hearing Aids,Poco Z101,NewSound,ITE Hearing AidsPoco Z101,n/a
83,ITE Hearing Aids,Poco ZA401,NewSound,ITE Hearing AidsPoco ZA401,n/a
84,ITE Hearing Aids,MU803,NewSound,ITE Hearing AidsMU803,n/a
85,ITE Hearing Aids,Poco M401,NewSound,ITE Hearing AidsPoco M401,n/a
86,Neckband Hearing Amplifier,BW51,NewSound,Neckband Hearing AmplifierBW51,n/a
87,Neckband Hearing Amplifier,BW52,NewSound,Neckband Hearing AmplifierBW52,n/a
88,Go ultra,Go ultra,Go Hearing,Go ultraGo ultra,https://www.amazon.com/Go-Ultra-Hearing-Aids-Seniors/dp/B0C1NQQ84B/ref=sr_1_1_sspa?crid=G3APKBF36XY3&dib=eyJ2IjoiMSJ9.g0J7qg6_MRwLL28Ls6ZDMZiDp6HH49XrdILcv4SWkwHWm3KrvhU8ZLI0hCFMrmPAdK9pNoBTbRInBso8ANoJucRPM03uFIEEWz1_6QmS1nGnx2bNiEcJMHvShJy-Ilf3gk59g4w0QKwXyJbnByJPoTkGFAXuxoMH9-wEZLEn3vSlN_ojX5YjVcPN0nl1zs5iUWmXdjcWyYEbgUQ7kzSqwx95BA9Ez5mC2vopJpYNzFxV-pUomC6z4N1xFhCJg4vrDlSdtajy8Z0dEnhN2njZJxsFPiX_6S8HytxztZhTCCY.z2wZDfVB0B2C5ZjkpnJ_A_tTx5FSoaSoYvnXNdYo0fk&dib_tag=se&keywords=Go+ultra+hearing+aids&qid=1719619577&sprefix=go+ultra+hearing+aids%2Caps%2C78&sr=8-1-spons&sp_csd=d2lkZ2V0TmFtZT1zcF9hdGY&psc=1
89,Go prime,Go prime,Go Hearing,Go primeGo prime,https://www.amazon.com/Go-Hearing-Rechargeable-Reduction-Discreet/dp/B0BK9WWHDY/ref=sr_1_5?crid=33BKFPSN54SN9&dib=eyJ2IjoiMSJ9.Rv85L42jEnDnm0HcaRIUlSAhMkqXhP7_jqevPG_DdQq11D584FbR6Ud79ewUzSKN8pBHc7L57UY43ZD9mKlTcYbSoqhQPCQ194WP4dhwcTn8Hzb57RoWMZ8hf3qaO5HBQ3mG0tFnK6SiTUsJRU1gtZVPgZAfQLHLdkacGlIjqPSxK0i-gfvjqOzHElPgHMZdRq89I76Fj4pYz4u_hy-q5UqZtjcaPVaosWktDMBI-JBRXCRJsWMXqyzKEHtYLOIgm3_8aJY0IA3ft51IMDRqGz_skeGNL75G7Pu2PTetzW8.LZBGp98FnKJOkPHEtNcCJcu5AOh9aJzRu8kBEUbwU08&dib_tag=se&keywords=Go+prime+hearing+aids&qid=1719619588&sprefix=go+prime+hearing+aids%2Caps%2C77&sr=8-5
90,Go lite,Go lite,Go Hearing,Go liteGo lite,n/a
91,Sontro,Sontro,"Soundwave Hearing, LLC",SontroSontro,https://www.amazon.com/Sontro-Hearing-Aids-Seniors-Adults/dp/B0B3C2S8QX/ref=sr_1_5?crid=6HY1T8OCSTW8&dib=eyJ2IjoiMSJ9.lx1NS7wt8J0nOjJhp3d31GabMBPSUJmEzPAhleSkrTF6LBChMiLjU9UEM3DvoTwbaD2C8hAQ6np8YzopVI5MNutnzcMZ3JqU1nZJP6K7CEQeCoTMKWNSwYGvs5H7-63qIxLDDGXMhZU_JPrbtDui1N7v6Xf3a7bP2YXln3yUxrD8NgG0tGjII2X0hgjYoBJmK6Nw9vOnJQm0Db3xorYOqM5O-tJZfbs5_6FnTQXs83tboYWftLTB9eIAsg2d5Tj5A2pdRuxM5Bi_gRB6RWIfAUWLBKIVOpKHgANCnS8POmQ.Pm6drhHBmNvvYQMUmLquuiqwRkzwG801ex33jzVTcZ4&dib_tag=se&keywords=Sontro+hear+soundwave+hearing+aid&qid=1719619637&sprefix=sontro+hear+soundwave+hearing+aid%2Caps%2C65&sr=8-5
92,HD75,HD75,Sound World Solutions,HD75HD75,https://www.amazon.com/Sound-World-Solutions-Cancellation-Multichannel/dp/B0B75XVK9Q/ref=sr_1_1?crid=1MSB08ALATN77&dib=eyJ2IjoiMSJ9.qqUAwh776zwqPSc2ZpOUpWHctK09nbBV_RWSpShspAymoGaYQCJu_0e6a0y0p1EffwQ78GOASJAgBF-yQT8SzQ.0f_wnO1LdD5V5-3oy-W3vgT_GFsx2A1khvXeF1EcVJk&dib_tag=se&keywords=sound+world+solutions+HD75&qid=1719619697&sprefix=sound+world+solutions+hd75%2Caps%2C88&sr=8-1
93,HD75R,HD75R,Sound World Solutions,HD75RHD75R,n/a
94,CS50,CS50,Sound World Solutions,CS50CS50,https://www.amazon.com/Sound-World-Solutions-CS50-Bluetooth/dp/B00JAWKPCW/ref=sr_1_3?crid=2M17CR0SR6V2I&dib=eyJ2IjoiMSJ9.LEPbKvdVVV8xrqK9cZnUI_ORXOyb2JuI-5wPQBatc9E.tEL5E8CZIxCVWwV_XmJHa4nXnTP9qqIu5JyPK2l2NpM&dib_tag=se&keywords=sound+world+solutionscs50&qid=1719619738&sprefix=sound+world+solutionscs50%2Caps%2C72&sr=8-3
95,HD100 Companion,HD100 Companion,Sound World Solutions,HD100 CompanionHD100 Companion,https://www.amazon.com/Sound-World-Solutions-Rechargeable-Cancellation/dp/B0B75XL9GQ/ref=sr_1_4?crid=252C7037OVISG&dib=eyJ2IjoiMSJ9.LEPbKvdVVV8xrqK9cZnUI_ORXOyb2JuI-5wPQBatc9E.tEL5E8CZIxCVWwV_XmJHa4nXnTP9qqIu5JyPK2l2NpM&dib_tag=se&keywords=sound+world+solutions+HD75r&qid=1719619713&sprefix=sound+world+solutions+hd75r%2Caps%2C94&sr=8-4
96,Nova,Nova,Linner,NovaNova,https://www.amazon.com/Bluetooth-Rechargeable-Cancellation-Wireless-NOVA-01/dp/B0CMHCGKPN/ref=sr_1_1?crid=3FL1BYUL40ANB&dib=eyJ2IjoiMSJ9.dGxb97vpYlU2-vhOZE8zr-PXk-ZOtszEFzsPbxjPWo_wa85MonkMW-mpye9I3TUSP-3PC-M82TUjlhyBRm_uW5buD9TCDrVTzmJ6jG1JAC0em7_AP4bJqDdXXKTA9FUO4pz1FuzxBX9GIKZTaxLk4SVvi7Sl1AKrdexK5PuLUMmfOjy1Vng5uX3v3HyE1W9BE0S5UAfeTwhhCZvjCyIIQE9BSl2w3jUJifDo5i67_0NXVNRz-SJK4KG7tPX7TFhoziArWmr1D_890QAkJa9OWsk9TkyTBoD4v6444-yihiE.UCmSJeHID02PD_K8mctmel_HY2Ck0BbQYaU11plu8BI&dib_tag=se&keywords=linner+nova+hearing+aids&qid=1719619779&sprefix=linner+nova+%2Caps%2C86&sr=8-1
97,Nova Lite,Nova Lite,Linner,Nova LiteNova Lite,https://www.amazon.com/LINNER-Bluetooth-Rechargeable-Cancellation-Wireless/dp/B0CKZ4NX73/ref=sr_1_2?crid=3FL1BYUL40ANB&dib=eyJ2IjoiMSJ9.dGxb97vpYlU2-vhOZE8zr-PXk-ZOtszEFzsPbxjPWo_wa85MonkMW-mpye9I3TUSP-3PC-M82TUjlhyBRm_uW5buD9TCDrVTzmJ6jG1JAC0em7_AP4bJqDdXXKTA9FUO4pz1FuzxBX9GIKZTaxLk4SVvi7Sl1AKrdexK5PuLUMmfOjy1Vng5uX3v3HyE1W9BE0S5UAfeTwhhCZvjCyIIQE9BSl2w3jUJifDo5i67_0NXVNRz-SJK4KG7tPX7TFhoziArWmr1D_890QAkJa9OWsk9TkyTBoD4v6444-yihiE.UCmSJeHID02PD_K8mctmel_HY2Ck0BbQYaU11plu8BI&dib_tag=se&keywords=linner+nova+hearing+aids&qid=1719619779&sprefix=linner+nova+%2Caps%2C86&sr=8-2
98,Deluxe,Deluxe,Linner,DeluxeDeluxe,n/a
160,Mars,Mar,Linner,MarsMar,https://www.amazon.com/LINNER-Amplifier-Rechargeable-Canceling-Assistive/dp/B0CPPQW7KD/ref=sr_1_3?crid=3FL1BYUL40ANB&dib=eyJ2IjoiMSJ9.dGxb97vpYlU2-vhOZE8zr-PXk-ZOtszEFzsPbxjPWo_wa85MonkMW-mpye9I3TUSP-3PC-M82TUjlhyBRm_uW5buD9TCDrVTzmJ6jG1JAC0em7_AP4bJqDdXXKTA9FUO4pz1FuzxBX9GIKZTaxLk4SVvi7Sl1AKrdexK5PuLUMmfOjy1Vng5uX3v3HyE1W9BE0S5UAfeTwhhCZvjCyIIQE9BSl2w3jUJifDo5i67_0NXVNRz-SJK4KG7tPX7TFhoziArWmr1D_890QAkJa9OWsk9TkyTBoD4v6444-yihiE.UCmSJeHID02PD_K8mctmel_HY2Ck0BbQYaU11plu8BI&dib_tag=se&keywords=linner+nova+hearing+aids&qid=1719619779&sprefix=linner+nova+%2Caps%2C86&sr=8-3
161,Mercury,Mercury,Linner,MercuryMercury,https://www.amazon.com/LINNER-Mercury-Hearing-Aids-Rechargeable/dp/B0CJ4LD29T/ref=sr_1_5?crid=3FL1BYUL40ANB&dib=eyJ2IjoiMSJ9.dGxb97vpYlU2-vhOZE8zr-PXk-ZOtszEFzsPbxjPWo_wa85MonkMW-mpye9I3TUSP-3PC-M82TUjlhyBRm_uW5buD9TCDrVTzmJ6jG1JAC0em7_AP4bJqDdXXKTA9FUO4pz1FuzxBX9GIKZTaxLk4SVvi7Sl1AKrdexK5PuLUMmfOjy1Vng5uX3v3HyE1W9BE0S5UAfeTwhhCZvjCyIIQE9BSl2w3jUJifDo5i67_0NXVNRz-SJK4KG7tPX7TFhoziArWmr1D_890QAkJa9OWsk9TkyTBoD4v6444-yihiE.UCmSJeHID02PD_K8mctmel_HY2Ck0BbQYaU11plu8BI&dib_tag=se&keywords=linner+nova+hearing+aids&qid=1719619779&sprefix=linner+nova+%2Caps%2C86&sr=8-5
179,Venus,Venus,Linner,VenusVenus,https://www.amazon.com/LINNER-Venus-High-Fidelity-Hearing-Aids/dp/B0CT899HV8/ref=sr_1_8?crid=3FL1BYUL40ANB&dib=eyJ2IjoiMSJ9.dGxb97vpYlU2-vhOZE8zr-PXk-ZOtszEFzsPbxjPWo_wa85MonkMW-mpye9I3TUSP-3PC-M82TUjlhyBRm_uW5buD9TCDrVTzmJ6jG1JAC0em7_AP4bJqDdXXKTA9FUO4pz1FuzxBX9GIKZTaxLk4SVvi7Sl1AKrdexK5PuLUMmfOjy1Vng5uX3v3HyE1W9BE0S5UAfeTwhhCZvjCyIIQE9BSl2w3jUJifDo5i67_0NXVNRz-SJK4KG7tPX7TFhoziArWmr1D_890QAkJa9OWsk9TkyTBoD4v6444-yihiE.UCmSJeHID02PD_K8mctmel_HY2Ck0BbQYaU11plu8BI&dib_tag=se&keywords=linner+nova+hearing+aids&qid=1719619779&sprefix=linner+nova+%2Caps%2C86&sr=8-8
180,Saturn,Saturn,Linner,SaturnSaturn,https://www.amazon.com/LINNER-Rechargeable-Amplifiers-Cancellation-Invisible/dp/B0D42244WV/ref=sr_1_4?crid=3FL1BYUL40ANB&dib=eyJ2IjoiMSJ9.dGxb97vpYlU2-vhOZE8zr-PXk-ZOtszEFzsPbxjPWo_wa85MonkMW-mpye9I3TUSP-3PC-M82TUjlhyBRm_uW5buD9TCDrVTzmJ6jG1JAC0em7_AP4bJqDdXXKTA9FUO4pz1FuzxBX9GIKZTaxLk4SVvi7Sl1AKrdexK5PuLUMmfOjy1Vng5uX3v3HyE1W9BE0S5UAfeTwhhCZvjCyIIQE9BSl2w3jUJifDo5i67_0NXVNRz-SJK4KG7tPX7TFhoziArWmr1D_890QAkJa9OWsk9TkyTBoD4v6444-yihiE.UCmSJeHID02PD_K8mctmel_HY2Ck0BbQYaU11plu8BI&dib_tag=se&keywords=linner+nova+hearing+aids&qid=1719619779&sprefix=linner+nova+%2Caps%2C86&sr=8-4
99,Core One,Core One,Audicon Corporation,Core OneCore One,n/a
100,Beacon,Beacon,Audicon Corporation,BeaconBeacon,n/a
101,NANO CIC Recharge OTC Hearing Aids,CIC2,Nano Hearing Aids,NANO CIC Recharge OTC Hearing AidsCIC2,n/a
102,NANO CIC Digital Recharge OTC Hearing Aids,CIC4,Nano Hearing Aids,NANO CIC Digital Recharge OTC Hearing AidsCIC4,n/a
103,Nano X2 Recharge OTC Hearing Aids,BTE4,Nano Hearing Aids,Nano X2 Recharge OTC Hearing AidsBTE4,n/a
104,Nano Sigma Plus Bluetooth OTC Hearing Aids,BTEPlus,Nano Hearing Aids,Nano Sigma Plus Bluetooth OTC Hearing AidsBTEPlus,n/a
105,Helix,Helix,Otofonix Hearing Solutions,HelixHelix,https://www.amazon.com/Otofonix-Rechargeable-Directional-Microphones-Canceling/dp/B093R3PZP5/ref=sr_1_2_sspa?crid=355NWXZADPEPA&dib=eyJ2IjoiMSJ9.x1nvOyqARkk4ewMHZggQfmpVkXLDTGeOTUdFk0ISxdNMLtOOUK6_C8I5NIHAdEwrnbLBE8YtBoftP5UTvVjjmTa-Wp05oa889OgR2gkdEbAdW-Uqegu57CY6tqfJjVvQiDW-rXCdY-wwO1A9_FX3uL7QSRVhaskyCGcIqIKdC0cVKu22nqWovt634QWGidDnGZ4BS-Yw1RiXxPg1_8f-SWf6RVyxWWa-ACeX0V0j4N5hqNHjtQykM4wokEICmodv8_RvK8puEoX3sMzIdW5mqJN-F-BKVbX6yKpTjhmsSVU.QW9GNAXrirxJRFT0AkvmU3y1kNCJF09erSi4csml4j8&dib_tag=se&keywords=Otofonix+Hearing+Solutions+helix&qid=1719620038&sprefix=otofonix+hearing+solutions+helix%2Caps%2C58&sr=8-2-spons&sp_csd=d2lkZ2V0TmFtZT1zcF9hdGY&psc=1
106,Encore,Encore,Otofonix Hearing Solutions,EncoreEncore,n/a
107,Groove,Groove,Otofonix Hearing Solutions,GrooveGroove,n/a
108,Elite,Elite,Otofonix Hearing Solutions,EliteElite,https://www.amazon.com/Otofonix-Background-Reduction-Nearly-Invisible-Moderate/dp/B01JX36VOS/ref=sr_1_2?crid=2TDCATVLE68WN&dib=eyJ2IjoiMSJ9.elUqAzDlQzJKiz8D6Jbzo8HfWfSizrMUGHu1uXLM6YIddSa7Sy_Xp3AUsYIEBHmoTpkxYWOO6hkurDZmQPIHn_awYfOCNMx5nB0Q5yDVecDBbyTnpjn_yYu1NLga88fjG9Hk5CRZK4d6mPJ3MbPRWCRsgl9ji3b7XUUIqOqFCHa1NsCRi_PirqgJlwI2Jgk2KynN-oeGSCqLOQsw7tQSW4ptVCObpXetz_7EdLlr_jjjODotWv0bNFwJFitDbsm9DgUhmq4EVQ46KaoNnSMIfhvKwLBnK-kIsmcWE4n7p4E.ielqUiZxILV0CckPiz1Ul_y0T4WYmTZK8ZVxjxz311I&dib_tag=se&keywords=Otofonix+Hearing+Solutions+encore&qid=1719620107&sprefix=otofonix+hearing+solutions+encore%2Caps%2C67&sr=8-2
109,Apex,Apex,Otofonix Hearing Solutions,ApexApex,n/a
110,Sona,Sona,Otofonix Hearing Solutions,SonaSona,n/a
111,Tweak Enhance Hearing Amplifier,Tweak Enhance,Ear Technology Corporation,Tweak Enhance Hearing AmplifierTweak Enhance,https://www.amazon.com/Tweak-Sophisticated-Performance-Rechargeable-Programming/dp/B09B1BL37X/ref=sr_1_1_sspa?crid=2Z5BE0T8F7EZN&dib=eyJ2IjoiMSJ9.G9yFB7t-zg5ADVWoGnPBld0-7QSk9TN4aeePuJeDmy8ofnzdihhfvYEBgw5_VHcZ1ek7B9r9knEbbVn8tA-5oFaVMuroCT-NRCHnomgs1Ir15TwIYTC_TFvE8WQ4DuX6IuL1QCsaYEisN-yCeatP86eoaa_dujnjLVPHZPBljADtqWdyl3LfoWLnIFJU4458V6igIf-AFKtUtMz4JNKXi4BOJK2rQfE7GxHV98b6uH1GIBOZAlIgMG5VA1VKQiF4NdAiVKuFvD9aKSL1FO5jldykoNKE4eJGnNpqEp9Rm8g.wsC_DzS2k4dtNyLxOxzY2gpJKjGTOTykeI6MqMn45NY&dib_tag=se&keywords=Tweak%2BEnhance%2BHearing%2BAmplifierTweak%2BEnhance&qid=1719620239&sprefix=tweak%2Benhance%2Bhearing%2Bamplifiertweak%2Benhance%2Caps%2C84&sr=8-1-spons&sp_csd=d2lkZ2V0TmFtZT1zcF9hdGY&th=1
112,Tweak Hearing Amplifier,Tweak ,Ear Technology Corporation,Tweak Hearing AmplifierTweak ,https://www.amazon.com/Tweak-Amplifier-Amplification-Pre-Programmed-Accessories/dp/B08RGV786Z/ref=sr_1_6?crid=1CTH6PKQ580ZG&dib=eyJ2IjoiMSJ9.lQy5J_yLP9n13yYTSwua-iito8Nf3RgfBinbUaV37eh3bhCApwVPpS7PF1yiPyKik4KwUOc8j8WPmMixlEplATvwbqZ3J0aJo7tVQ_TgFT624rjMRSwTWbQNa--MtDjfI56e52AVlz4Ze2rolov_R46QAFnK0kRRoz23Nz9xRVogjTXXno592GKkgcT9pbtA_Qqu_cuHC-XkSxFRHfpF2qBRhy8Pda60eeWGTLWSY8JtsAKqHYTlMcO1y0xVh_mLkF54WVR9Zeg8e3o5aVHyRxs-8UfogH-7uWbfYtAeOZs.HwINzjksKE-WysRKdJtfb7FvyUkmrj9E-lxxsB4iNK0&dib_tag=se&keywords=Tweak%2BHearing%2BAmplifier&qid=1719620294&sprefix=tweak%2Bhearing%2Bamplifiertweak%2Benhance%2Caps%2C86&sr=8-6&th=1
113,Tweak Hearing Amplifier,Tweak Focus+T,Ear Technology Corporation,Tweak Hearing AmplifierTweak Focus+T,https://www.amazon.com/Tweak-Hearing-Personal-Amplifier-Digital/dp/B071J8XDRD/ref=sr_1_3?crid=2Z5BE0T8F7EZN&dib=eyJ2IjoiMSJ9.G9yFB7t-zg5ADVWoGnPBld0-7QSk9TN4aeePuJeDmy8ofnzdihhfvYEBgw5_VHcZ1ek7B9r9knEbbVn8tA-5oFaVMuroCT-NRCHnomgs1Ir15TwIYTC_TFvE8WQ4DuX6IuL1QCsaYEisN-yCeatP86eoaa_dujnjLVPHZPBljADtqWdyl3LfoWLnIFJU4458V6igIf-AFKtUtMz4JNKXi4BOJK2rQfE7GxHV98b6uH1GIBOZAlIgMG5VA1VKQiF4NdAiVKuFvD9aKSL1FO5jldykoNKE4eJGnNpqEp9Rm8g.wsC_DzS2k4dtNyLxOxzY2gpJKjGTOTykeI6MqMn45NY&dib_tag=se&keywords=Tweak+Enhance+Hearing+AmplifierTweak+Enhance&qid=1719620239&sprefix=tweak+enhance+hearing+amplifiertweak+enhance%2Caps%2C84&sr=8-3
114,The Workhouse,The Workhouse,Injoy,The WorkhouseThe Workhouse,n/a
115,The Choice,The Choice,Injoy,The ChoiceThe Choice,n/a
116,The Security,The Security,Injoy,The SecurityThe Security,n/a
117,All-Clear Hearing Aid,ADC1,Sennheiser,All-Clear Hearing AidADC1,https://www.amazon.com/Sennheiser-All-Day-Clear-Self-Fitting-Bluetooth/dp/B0CBDBPYP8/ref=sr_1_5?crid=3419XADLF9MSH&dib=eyJ2IjoiMSJ9.uVzg29n4PnHfj9NIZ1_f9jhVkrA9GeE0LwBzI76OaHTfpZn93GVFsfxN1Q-zDVQeR1aBztXLoQ36fBjpDERELzc4_VGwUjOh2fWmXctWBE7ZURRd8jJr3CT4AfIAZ-Klu2zw5mzRoCA-MYxUl9TRQYrlJ8RJFmKHZnOZgHsmMs8QT0VHJ_ShjFyf1kU8OY-7V6igIf-AFKtUtMz4JNKXi1bpIL5lCgNEOhRW98zzU0NJgMzTCWdsBO1SiHvkggHGOedpHZkUUB1_ra4FSk_yUYkgFKxHbTtpqYUMOLH4mGY.8M91ULO0N7LBNsmMl-Wiya7OZBym7N319XLAEuM3NEI&dib_tag=se&keywords=all-clear%2Bhearing%2Baid%2Bac1&qid=1719620426&sprefix=all-clear%2Bhearing%2Baidadc1%2Caps%2C85&sr=8-5&th=1
118,All-Clear Hearing Aid Slim,ADCS1,Sennheiser,All-Clear Hearing Aid SlimADCS1,https://www.amazon.com/Sennheiser-All-Day-Clear-Slim-Self-Fitting/dp/B0CB91F7J2/ref=sr_1_5?crid=1BFNGWOCQLM7Z&dib=eyJ2IjoiMSJ9.Joda2fe1jLfw9F0UWMsJagp4-PBGuqENXNFqEIk1DpyAyoGzbvSjrSJbinK0F9AMz-tdTkxvQ8EMUipyYiFtbxkcC1e_LfdwzlbMranXqGEeB0f97d4vplpE80HL52iJCveElW_0ePocZWfBEPXQzBI7MwodI8a6oxJdtep8Pju0eIXKx3A9orGHr8BfX7YuI7GTJZi72QMV0ArM5Lbr4M8JMm4gYY5jVoVi-i4_2FajOu83qSsCuhTTOAVWuLDNaAANi1xiyIOVQx54vwPYxqfA326HL_uEhV-pLwQP6to.JwvpH5PiZAocYy2s8xZaJxShu1Q5XiXA91vtiBKc2ec&dib_tag=se&keywords=All-Clear+Hearing+Aid+SlimADCS1&qid=1719620448&sprefix=all-clear+hearing+aid+slimadcs1%2Caps%2C78&sr=8-5
119,ZVOX Voicebud,VB20,ZVOX,ZVOX VoicebudVB20,n/a
120,ZVOX Voicebud,VB25,ZVOX,ZVOX VoicebudVB25,n/a
121,BlaidsX Neuro,Neuro,Blaids Hearing,BlaidsX NeuroNeuro,https://www.amazon.com/Rechargeable-Programmable-Cancellation-Bluetooth-Processor/dp/B0C3GSHLLL/ref=sr_1_5?crid=JPQARXSLQB9W&dib=eyJ2IjoiMSJ9.3j7BwFDP5wuOnxD9Za901bQuDHf79OWe5NWzc0v9RqnWO42qc9CSmpvDghIWhwBvhtr2xf8gp5gDqTxOQu-LidaiI3qn_i4wivziKyZveDvp16q7f37-A5RzKFr1oezGx7jdeDRTC5yfHyv76XaoLcNNqikh4s21nGT9oeBaATJZQyz1MnS2kYN-o5nWrMzBp4487_iyhj9XF2f7aqDO18A9_yVcJxHOPljlOpsGCfhgG9_TnSj4cZczvegj8gLCZzR5bpR8xBLTf_wASp_XyFX-Jt9wq8xezYO1meJPFdw.-PRHsa7WCEr1WMnqGfZ3UEr-eCVVpsGaIyeuzZgaQlw&dib_tag=se&keywords=BlaidsX+Neuro+hearing+aid&qid=1719620553&sprefix=blaidsx+neuro+hearing+aid%2Caps%2C65&sr=8-5
122,BlaidsX Pro,X Pro,Blaids Hearing,BlaidsX ProX Pro,https://www.amazon.com/Programmable-Cancellation-Bluetooth-Channels-Processor/dp/B0B9VSPGCG/ref=sr_1_1_sspa?crid=1Q35PI9OL2Z32&dib=eyJ2IjoiMSJ9.szAJq9KHt5TzTw7SXLjlM01dv6Zqe2V_Hd8NK2IxVisGOHei5pH83ANPnuO6weQr6KP_PD2TplhhpBspN9sTKyr8ceX6gFQAbeJwKymNbZE1ab2cends2YH9LCi-5_wZVbYdTl8FCKdVbqZ8PTFGwqRGuC1FV4hYRtUzDYJLUdxkSMiYidPAYrvZyp2p5x-xop8qYUgq--jZn5E9m7MKnpshK1cyqgQY9R36rTXBgreRwM-6Rh1R9lcRlkpiGw1dmrTSJUsS0caaQl2j4GhkybXf3bq1w663h6LK8bk2VcE.u3cey27ja7GJwqV2W8LRvxPHuP98iDjc5XSmOZVmaww&dib_tag=se&keywords=blades+prox+pro+hearing+aid&qid=1719620653&sprefix=blades+prox+pro+hearing+aid%2Caps%2C64&sr=8-1-spons&sp_csd=d2lkZ2V0TmFtZT1zcF9hdGY&psc=1
123,BlaidsX Micro CIC,Micro CIC,Blaids Hearing,BlaidsX Micro CICMicro CIC,https://www.amazon.com/Programmable-Cancellation-Invisible-Bluetooth-Channels/dp/B0D1GYDZZ3/ref=sr_1_2?crid=2LDVB4WN8LDNZ&dib=eyJ2IjoiMSJ9.1L7Ho9UY_v2KmLg3pAhgUl3EqdZyldp4_7zWn5uw7kb5CvP9nWLXGaz4rfcxRT8tjlvwsxLjdlFswXVLI8hgxjWSpo-x2azRC2d8ge9yLqOUG31xg6JY0HgTIB7HGBgmb5jJalqxn8c6wiw4u2NVDdGBH4fg8AixkubeB2RSzzrNpRIZJ8LWRfTPcOoOu-ZJens98VTi-FL67prXSY0KE2dERiplBCRdGNlqDikgr2Wg_Rjg8Suc8L3gMi3m1vhMAACD7VX4OsNMIpr9UkrLLoWz3GAmCOE7bsLtC3bh6is.aAWbcNd0C2hodDH-L70LepF5Ip7GCr6ne9YjC9wqOXg&dib_tag=se&keywords=auditech+hearing+micro+cic&qid=1719620701&sprefix=auditech+hearing+micro+cic%2Caps%2C69&sr=8-2
124,Stealth ,Stealth ,Auditech Hearing,Stealth Stealth ,n/a
125,Stealth Pro Digital ,Stealth Pro,Auditech Hearing,Stealth Pro Digital Stealth Pro,n/a
126,BTE Lightning RX,Lightning RX,Auditech Hearing,BTE Lightning RXLightning RX,n/a
127,TX-5,TX-5 Mini Plus+,Bossa Hearing Aids,TX-5TX-5 Mini Plus+,n/a
128,TX-1,TX-1 Mini Plus,Bossa Hearing Aids,TX-1TX-1 Mini Plus,n/a
129,ProTon,ProTon Plus+,Bossa Hearing Aids,ProTonProTon Plus+,n/a
130,ProTon,ProTon Max,Bossa Hearing Aids,ProTonProTon Max,n/a
131,BTE Rechargeable Hearing Aids,BTE Rechargeable Hearing Aids,The Hearing Co.,BTE Rechargeable Hearing AidsBTE Rechargeable Hearing Aids,n/a
132,Micro CIC Rechargeable Hearing Aids,Micro CIC Rechargeable Hearing Aids,The Hearing Co.,Micro CIC Rechargeable Hearing AidsMicro CIC Rechargeable Hearing Aids,n/a
133,Bluetooth ITE Rechargeable Hearing Aids,Bluetooth ITE Rechargeable Hearing Aids,The Hearing Co.,Bluetooth ITE Rechargeable Hearing AidsBluetooth ITE Rechargeable Hearing Aids,n/a
134,Micro BTE Digital Rechargeable Hearing Aids,Micro BTE Digital Rechargeable Hearing Aids,The Hearing Co.,Micro BTE Digital Rechargeable Hearing AidsMicro BTE Digital Rechargeable Hearing Aids,n/a
135,Micro CIC Rechargeable Hearing Aids v2,Micro CIC Rechargeable Hearing Aids v2,The Hearing Co.,Micro CIC Rechargeable Hearing Aids v2Micro CIC Rechargeable Hearing Aids v2,n/a
136,Micro CIC Battery Hearing Aids,Micro CIC Battery Hearing Aids,The Hearing Co.,Micro CIC Battery Hearing AidsMicro CIC Battery Hearing Aids,n/a
162,Micro CIC Digital Rechargeable Hearing Aids,Micro CIC Digital Rechargeable Hearing Aids,The Hearing Co.,Micro CIC Digital Rechargeable Hearing AidsMicro CIC Digital Rechargeable Hearing Aids,n/a
137,D09,D09 CIC Rechargeable,Vivtone,D09D09 CIC Rechargeable,https://www.amazon.com/Vivtone-Rechargeable-Indicating-Remaining-Percentage/dp/B0CZ71NFYS/ref=sr_1_5?crid=XVNSEKTHKEUT&dib=eyJ2IjoiMSJ9.OeKBVHZlvbiyrGirC1UOtUx1Og8EqcJW6Y4gOKhl743WeWgYxyUMxyHiPJsa0LExCA3jgXl8iD-fifwGrz4Z8y5WWn5WXoF1df7RGaIs0tJNtzIxzqE2mVOQ-y_9W7Uw-q583HMdVcA4Zc8c1a_9F8hkCe4cD_p-k3y5Z5dZuOSKwoJsNpwBe7-aMh6W3kY59ljX_aVFUPKT3JtIjcJKlks_oM7-SuJUh5Dys-P0GHAM6b0TLoLi6bLjQR8OOJ_4XxAj2dB7Lld8K7n7WqhH9HQoMbpuA89BXC686TFPoLo.x0sx-jfshtaeMZMSSQtJSWopJ6r9raME6cfMYAYpriM&dib_tag=se&keywords=D09D09%2BCIC%2BRechargeable%2Bhearing%2Baid&qid=1719620969&sprefix=d09d09%2Bcic%2Brechargeable%2Bhearing%2Baid%2Caps%2C61&sr=8-5&th=1
138,Lucid508,Lucid508,Vivtone,Lucid508Lucid508,https://www.amazon.com/Rechargeable-Hearing-Advanced-Charging-Lucid508-Beige/dp/B0D1MTYQ6R/ref=sr_1_1?crid=1H72EH6Y4KRU2&dib=eyJ2IjoiMSJ9.37QhSJ_D2BoziUIoIQ47xEvUZ3emg-erID5AYAXvstWw_JsY1uXKmQv8PndktbgX.5nOR3AItENaP5cNUUfX-QKQ5Ge9IFXm4KzsPndXoC8g&dib_tag=se&keywords=vivtone%2Blucid%2B508&qid=1719620994&sprefix=vivtone%2Blucid%2B508%2Caps%2C83&sr=8-1&th=1
139,Lucid516,Lucid516,Vivtone,Lucid516Lucid516,n/a
140,Vivtone Pro20,Vivtone Pro20,Vivtone,Vivtone Pro20Vivtone Pro20,https://www.amazon.com/Rechargeable-Vivtone-Amplifiers-Canceling-Charging/dp/B08HX6WDG5/ref=sr_1_1?crid=3RZOPRVHWU40X&dib=eyJ2IjoiMSJ9.P-4IFfzEOnSPAdnQTLVK0Q.m_PqfctEClemxid7lb3b31X4oieMrZVNgRdKlsiZY3E&dib_tag=se&keywords=vivtone+lucid+pro20&qid=1719621048&sprefix=vivtone+lucid+pro20%2Caps%2C63&sr=8-1
141,Vivtone RIC02,Vivtone RIC02,Vivtone,Vivtone RIC02Vivtone RIC02,n/a
142,Vivtone D08,Vivtone D08,Vivtone,Vivtone D08Vivtone D08,https://www.amazon.com/Vivtone-D08-Rechargeable-Portable-Pecentage/dp/B0CTZXW4JW/ref=sr_1_4?crid=1525YNULJCZ0C&dib=eyJ2IjoiMSJ9.LdFnfkm4IQAEdVQ4VlZ3wg.vna8ML9GWrainbdSlBsWkXfcsS1hY1up0YwvRAKIWQI&dib_tag=se&keywords=vivtone+d08&qid=1719621088&sprefix=vivtone+d08%2Caps%2C83&sr=8-4
143,Vivtone D07,Vivtone D07,Vivtone,Vivtone D07Vivtone D07,n/a
144,Sensley S01,Sensley S01,Vivtone,Sensley S01Sensley S01,n/a
145,Lucid 30,Lucid 30,Vivtone,Lucid 30Lucid 30,n/a
146,Smart,Smart,Vivtone,SmartSmart,n/a
147,Xpure,Xpure,Vivtone,XpureXpure,https://www.amazon.com/Vivtone-Bluetooth-Streaming-Rechargeable-Cancelling/dp/B0D4VKT271/ref=sr_1_1_sspa?crid=1BV924GEQE93B&dib=eyJ2IjoiMSJ9.pLvvgo3vzFe1RVC_EEWDlA.h1P6tlmdEDKCg6-3ND5F6FZNH7vZL8IU5IN2YDIyeEk&dib_tag=se&keywords=vivtone+xpure&qid=1719621263&sprefix=vivtone+xpure%2Caps%2C72&sr=8-1-spons&sp_csd=d2lkZ2V0TmFtZT1zcF9hdGY&psc=1
148,Autiphon U01,Autiphon U01,Vivtone,Autiphon U01Autiphon U01,https://www.amazon.com/Hearing-Autiphon-Rechargeable-Digital-Cancelling/dp/B0CTZX693Y/ref=sr_1_fkmr0_1?crid=E0AWFHFHA0PR&dib=eyJ2IjoiMSJ9.VTvDoi2DvBGzHEQZPjSrHfaMEgRpNppmxAHrAsOQl3n2RYYEZhC1eZb-Hize7hIoAuJBQFKcX1ZtumJ12NZ4zA.pzIAmDe-d4UmxYoXw4ALG7f4VBGWkvrZRZI3rzMbD6Y&dib_tag=se&keywords=vivtone+Sensley+S01&qid=1719621118&sprefix=vivtone+sensley+s01%2Caps%2C66&sr=8-1-fkmr0
149,Autiphon U02,Autiphon U02,Vivtone,Autiphon U02Autiphon U02,n/a
150,Autiphon U03,Autiphon U03,Vivtone,Autiphon U03Autiphon U03,n/a
151,EarMate-4330,EarMate-4330,HearingHelp express,EarMate-4330EarMate-4330,n/a
152,Apollo 6205,Apollo 6205,HearingHelp express,Apollo 6205Apollo 6205,n/a
153,Ranger 6205,Ranger 6205,HearingHelp express,Ranger 6205Ranger 6205,n/a
154,AudixLife,AudixLife,"RxHearing Aids, Inc.",AudixLifeAudixLife,n/a
155,AudixMax,AudixMax,"RxHearing Aids, Inc.",AudixMaxAudixMax,n/a
156,Aria,Aria,"RxHearing Aids, Inc.",AriaAria,n/a
157,Invo,Invo,"RxHearing Aids, Inc.",InvoInvo,n/a
158,Start Hearing One,Start Hearing One,Starkey,Start Hearing OneStart Hearing One,n/a
163,AirPods,3rd Generation,Apple,AirPods3rd Generation,https://www.amazon.com/Apple-Generation-Bluetooth-Headphones-Personalized/dp/B0D1WXVQTN/ref=sr_1_1?crid=3R6FNX170AFDR&dib=eyJ2IjoiMSJ9.wj6GPYCuMFS7ZVBXs_Ask5PO9bC3K_iCcq-mLRC8Tp5PJGbfySwlZmgBx-7LtYbkmbZ-swF9yayP5PCBfCrZpp4NrQbQBgwDZx7QTZWUR_wAa5HMU9VyHrDwGfCbpei0_C7hHHp2l8yT2D65rokK6Qjr76kbTIN4nE_-nTSD71-OY3l2W62uViwUhf8SVptkRKNOdI24FR6LxT4luvS_itrHDYXS9eZrtnR8xYdwfmc.L5DTv8XcPrh_Oq1H3AtSOMCy0x6sNwX_UiEXyohpBT4&dib_tag=se&keywords=AirPods3rd+Generation&qid=1719621499&sprefix=airpods3rd+generation%2Caps%2C101&sr=8-1
164,Receiver in Ear Canal Rechargeable Hearing Aid,RIE 400,EarCentric,Receiver in Ear Canal Rechargeable Hearing AidRIE 400,https://www.amazon.com/Rechargeable-cancelling-reduction-invisible-EarCentric/dp/B09N4Y4GPN/ref=sr_1_6?crid=YZRMP2TGINEL&dib=eyJ2IjoiMSJ9.9Ur2TcGfEGMwZoi5q75mUpA2Nai8EUpmqmolrRphpGjQVuo7AzTvf0L-hmsp-niLMgihTxd7nfWlT2T-LlqTn0MQ0PohbIoauZ8orVhkglPnKlm6-h8YvqrSv7-k0tJPEUEMtgmdnIA31_UhbWnPGFjxzv-m1_FiL9Bd58gNI7tgFvAQ99WAxj941vHCLl6YmGmJx9Z3cFKg-fLdKoal-oindbsNNP0Qz_fmwRfj6nPByUvgL3rRuq08IxGdJdmNukuvMUareLnIrIqarnGKsS9mGJTbo2Ez9aEEadBIPOc.uV--aSqDKBuyM9P4eidlBFA4n4ZypUngH--0GMt1J1M&dib_tag=se&keywords=EarCentric+hearing+aids&qid=1719621526&sprefix=earcentric+hearing+aid%2Caps%2C83&sr=8-6
165,EarCentric EasyCharge Rechargeable Hearing Aid,EasyCharge Rechargeable,EarCentric,EarCentric EasyCharge Rechargeable Hearing AidEasyCharge Rechargeable,https://www.amazon.com/EarCentric-Rechargeable-Ear-amplification-Cancellation/dp/B09K1RKQS6/ref=sr_1_5?crid=YZRMP2TGINEL&dib=eyJ2IjoiMSJ9.9Ur2TcGfEGMwZoi5q75mUpA2Nai8EUpmqmolrRphpGjQVuo7AzTvf0L-hmsp-niLMgihTxd7nfWlT2T-LlqTn0MQ0PohbIoauZ8orVhkglPnKlm6-h8YvqrSv7-k0tJPEUEMtgmdnIA31_UhbWnPGFjxzv-m1_FiL9Bd58gNI7tgFvAQ99WAxj941vHCLl6YmGmJx9Z3cFKg-fLdKoal-oindbsNNP0Qz_fmwRfj6nPByUvgL3rRuq08IxGdJdmNukuvMUareLnIrIqarnGKsS9mGJTbo2Ez9aEEadBIPOc.uV--aSqDKBuyM9P4eidlBFA4n4ZypUngH--0GMt1J1M&dib_tag=se&keywords=EarCentric+hearing+aids&qid=1719621526&sprefix=earcentric+hearing+aid%2Caps%2C83&sr=8-5
166,Disco Max Wireless Rechargeable,Disco Max ,EarCentric,Disco Max Wireless RechargeableDisco Max ,
167,Rechargeable Hearing Aid - Disco,Disco,EarCentric,Rechargeable Hearing Aid - DiscoDisco,https://www.amazon.com/Removable-EarCentric-DiscoPlus-Rechargeable-cancelling/dp/B0B4GYXMST/ref=sr_1_2?crid=19LKTWSN2L8LC&dib=eyJ2IjoiMSJ9.pBWXZyXhCom2FLZaYcuW2ISrEtwDg-TiZ3DRItX3fGDRV1unXHk4jSHRr-I--78MD05PAut1XK_Orsn4M2G8oNcgpKZYY0f8gZMNI8fjMkov2dCvA1Jd-OH3Eetq8FIEiGLOf0FBdeLlTGDH2F_fG9ngxh9MxZbTs8p4TM9ARyNsyCuNMqiK6xPQm78yOln4X6H17Y3teVUjFTNO9fDn9jxWIaVSkP4skaLR13fGr2dyy8U4NDZhlrXVJupP1LEIGJF0DrKKSrZ9Xjg5jZxkghMwRtaw4OqlRWuN4S-vAYU.386TkajLdatdDYDKNPpiJkatd917yJWWeKqEQ0Hksyo&dib_tag=se&keywords=EarCentric+hearing+aids+disco&qid=1719621598&sprefix=earcentric+hearing+aids+disco+%2Caps%2C82&sr=8-2
168,EarCentric Choice,Choice,EarCentric,EarCentric ChoiceChoice,n/a
169,Rechargeable/Programmable Hearing Aid with USB Programming Port - EasyCharge 2,RV4,EarCentric,Rechargeable/Programmable Hearing Aid with USB Programming Port - EasyCharge 2RV4,https://www.amazon.com/EarCentric-EasyCharge-Rechargeable-Portable-Dual-Port/dp/B0CLXSVGPV/ref=sr_1_3?crid=2APVC6077LPNE&dib=eyJ2IjoiMSJ9.pBWXZyXhCom2FLZaYcuW2JqTHiO3QbVa7eOSX7injuNaK3ploph51ZEfgsb4PJou1xkndyfzKbpmEpglp-TMUk2GWrVKW7Z7Umy6vselz7OoCyczr1G9bqbXbuY8m2AE_DjzfW4-DK0Rm3r4umO3uyVqRTZJZo3gjqakNFgGB8KnVNmXuhavQRi7HVt49NAZ30VvUARG3whYbR0U6LEU_4PasuaoGn_XJw6UiICbdht3nt69yS0wX_DxDFtj0eu-1dwdIgd5OirINiOgYHzvF69w4ZupWLoMFmFXw1cry34.B0cbLuKK2qZAEJtQdHaOaRLu0vBt3WYI3tv46pv4pdM&dib_tag=se&keywords=EarCentric+hearing+aids+choice&qid=1719621611&sprefix=earcentric+hearing+aids+choice%2Caps%2C73&sr=8-3
170,Comfort 2 Mini-BTE Hearing Aid Amplifier Sound Assist by EarCentric,Comfort 2 ,EarCentric,Comfort 2 Mini-BTE Hearing Aid Amplifier Sound Assist by EarCentricComfort 2 ,n/a
171,EarCentric Linkx Wireless Hearing Aid,Linkx,EarCentric,EarCentric Linkx Wireless Hearing AidLinkx,n/a
172,EarCentric Linkx Wireless Hearing Aid,Linkx,EarCentric,EarCentric Linkx Wireless Hearing AidLinkx,n/a
173,CLARI Hearing Aids,CLARI Hearing Aids,CLARI Hearing Aids,CLARI Hearing AidsCLARI Hearing Aids,n/a
174,NoviOne,NoviOne,Novidan,NoviOneNoviOne,n/a
175,NoviOne,NoviOne,Novidan,NoviOneNoviOne,n/a
176,Mach 1,Mach 1,Sonify Hearing,Mach 1Mach 1,https://www.amazon.com/Hearing-Eligible-Invisible-Feedback-Reduction/dp/B0D3FXZF66/ref=sr_1_1?crid=3EGEUR91NQWOX&dib=eyJ2IjoiMSJ9.MeXxQS9g7navA8QwBhSs6jNPdFBJ0nROozJFk6A0ZvrtimTUK8sCCFOHNJpJh1zqHhGcSna9fl_KrAQ8Cg1_diFVVHGMmoydihJFlTEx0pJCBBrMlt1TyzJ7gQZS62V-GnvOEe8RLxHZwYp0-CuukcUqUXhIdTucOnXbFX2KjQ2Mzt1HZAa3IK3XiJHr3rvHhbX16T53NM1ME2V8vW-5jgsLKXcWxReRnBvhOjnASroR9Bcwh6Z_iFHPhrUIqSQf0TiABFVRdUnOSIHj9oqM687qyOa9L0_9JUXnlCs9klg.KdoThqNVd7RkJAiMQ48AIzr7MDnLarom9-XFgU3kre8&dib_tag=se&keywords=Mach%2B1%2Bsonify%2Bhearing&qid=1719621771&sprefix=mach%2B1%2Bsonify%2Bhearing%2Caps%2C66&sr=8-1&th=1
177,Mach 1 Pro,Mach 1 Pro,Sonify Hearing,Mach 1 ProMach 1 Pro,n/a
178,Mach 1 Pro Wireless,Mach 1 Pro W,Sonify Hearing,Mach 1 Pro WirelessMach 1 Pro W,n/a
181,Tuned Lumen 155,Lumen 155,Intrisound,Tuned Lumen 155Lumen 155,n/a